<?xml version="1.0" encoding="UTF-8"?>
<project-private xmlns="http://www.netbeans.org/ns/project-private/1">
    <editor-bookmarks xmlns="http://www.netbeans.org/ns/editor-bookmarks/2" lastBookmarkId="0"/>
    <open-files xmlns="http://www.netbeans.org/ns/projectui-open-files/2">
        <group>
            <file>file:/C:/Users/Samuel/OneDrive/ChipStore/Trabalho_Final%201.0/src/br/com/chipstore/view/CadastrarProdutoView.java</file>
            <file>file:/C:/Users/Samuel/OneDrive/ChipStore/Trabalho_Final%201.0/src/br/com/chipstore/view/PagamentoView.java</file>
            <file>file:/C:/Users/Samuel/OneDrive/ChipStore/Trabalho_Final%201.0/src/br/com/chipstore/classes/configuracao.java</file>
            <file>file:/C:/Users/Samuel/OneDrive/ChipStore/Trabalho_Final%201.0/src/br/com/chipstore/view/ListarProdutoView.java</file>
            <file>file:/C:/Users/Samuel/OneDrive/ChipStore/Trabalho_Final%201.0/src/br/com/chipstore/view/IndexView.java</file>
        </group>
    </open-files>
</project-private>
